SeriousDlqin2yrs,RevolvingUtilizationOfUnsecuredLines,age,NumberOfTime30-59DaysPastDueNotWorse,DebtRatio,MonthlyIncome,NumberOfOpenCreditLinesAndLoans,NumberOfTimes90DaysLate,NumberRealEstateLoansOrLines,NumberOfTime60-89DaysPastDueNotWorse,NumberOfDependents,income_per_dependent,total_past_due,has_any_delinquency,credit_line_utilization,debt_to_income_log,age_bucket
0,0.1367653003850131,49,0,0.9449670564015192,8275.010752020418,1,0,3,0,3.0,2068.7526880051046,0,0,0.1367653003850131,0.6652450393442008,2
0,0.6405356058540664,55,0,1.3554190532392003,8288.714714360256,9,0,1,0,0.0,8288.714714360256,0,0,0.6405356058540664,0.8567186535660677,2
1,0.5950962167563031,41,0,2.7548541597596654,4135.16629040382,8,0,2,0,0.0,4135.16629040382,0,0,0.5950962167563031,1.3230494455163515,1
0,0.2990706153577943,90,0,1.0598900100851083,3279.5777657969243,10,0,0,0,1.0,1639.7888828984621,0,0,0.2990706153577943,0.7226525882134552,3
1,0.506254584257026,43,0,0.6519102809909737,7788.092288041446,10,0,2,1,2.0,2596.030762680482,1,1,0.506254584257026,0.5019323642964837,1
